sta/2H7H	f9b12c48a2c4d86876a53e21ba50132b	100	SUPERFAMILY	SSF57959	Leucine zipper domain	60	99	4.11E-18	T	24-01-2023	IPR046347	Basic-leucine zipper domain superfamily	GO:0003700|GO:0006355	Reactome: R-BTA-199920|Reactome: R-BTA-2559580|Reactome: R-BTA-2871796|Reactome: R-BTA-450341|Reactome: R-BTA-8874211|Reactome: R-BTA-9018519|Reactome: R-BTA-983231|Reactome: R-CEL-2559580|Reactome: R-CEL-2559582|Reactome: R-CEL-2871796|Reactome: R-CEL-3214847|Reactome: R-CEL-381033|Reactome: R-CEL-450341|Reactome: R-CEL-8874211|Reactome: R-CEL-9616222|Reactome: R-DDI-381033|Reactome: R-DME-198693|Reactome: R-DME-199920|Reactome: R-DME-209394|Reactome: R-DME-209409|Reactome: R-DME-209425|Reactome: R-DME-2559580|Reactome: R-DME-2559582|Reactome: R-DME-2871796|Reactome: R-DME-375165|Reactome: R-DME-442742|Reactome: R-DME-450341|Reactome: R-DME-881907|Reactome: R-DME-8951664|Reactome: R-DME-9616222|Reactome: R-DME-9634638|Reactome: R-DME-9755511|Reactome: R-DME-9759194|Reactome: R-DME-9762114|Reactome: R-DME-983231|Reactome: R-DRE-8874211|Reactome: R-GGA-2559580|Reactome: R-GGA-2559582|Reactome: R-GGA-2871796|Reactome: R-GGA-437986|Reactome: R-GGA-450341|Reactome: R-GGA-9018519|Reactome: R-GGA-9707616|Reactome: R-GGA-9708530|Reactome: R-HSA-111931|Reactome: R-HSA-111932|Reactome: R-HSA-1368108|Reactome: R-HSA-1912408|Reactome: R-HSA-198693|Reactome: R-HSA-199920|Reactome: R-HSA-210745|Reactome: R-HSA-2151201|Reactome: R-HSA-2173796|Reactome: R-HSA-2197563|Reactome: R-HSA-2559580|Reactome: R-HSA-2559582|Reactome: R-HSA-2871796|Reactome: R-HSA-3214847|Reactome: R-HSA-375165|Reactome: R-HSA-380994|Reactome: R-HSA-381033|Reactome: R-HSA-381038|Reactome: R-HSA-381042|Reactome: R-HSA-381070|Reactome: R-HSA-381183|Reactome: R-HSA-381340|Reactome: R-HSA-400253|Reactome: R-HSA-442720|Reactome: R-HSA-442729|Reactome: R-HSA-442742|Reactome: R-HSA-450341|Reactome: R-HSA-5617472|Reactome: R-HSA-5674400|Reactome: R-HSA-5687128|Reactome: R-HSA-6785807|Reactome: R-HSA-6796648|Reactome: R-HSA-881907|Reactome: R-HSA-8853884|Reactome: R-HSA-8862803|Reactome: R-HSA-8874211|Reactome: R-HSA-8936459|Reactome: R-HSA-8940973|Reactome: R-HSA-8943724|Reactome: R-HSA-8951664|Reactome: R-HSA-8963889|Reactome: R-HSA-9018519|Reactome: R-HSA-9022692|Reactome: R-HSA-9022699|Reactome: R-HSA-9022702|Reactome: R-HSA-9022707|Reactome: R-HSA-9031628|Reactome: R-HSA-9609690|Reactome: R-HSA-9610379|Reactome: R-HSA-9616222|Reactome: R-HSA-9633012|Reactome: R-HSA-9634638|Reactome: R-HSA-9648895|Reactome: R-HSA-9660821|Reactome: R-HSA-9664323|Reactome: R-HSA-9673324|Reactome: R-HSA-9679191|Reactome: R-HSA-9707587|Reactome: R-HSA-9707616|Reactome: R-HSA-9708530|Reactome: R-HSA-9725371|Reactome: R-HSA-9755511|Reactome: R-HSA-9759194|Reactome: R-HSA-9762114|Reactome: R-HSA-983231|Reactome: R-MMU-198693|Reactome: R-MMU-199920|Reactome: R-MMU-2559580|Reactome: R-MMU-2559582|Reactome: R-MMU-2871796|Reactome: R-MMU-3214847|Reactome: R-MMU-375165|Reactome: R-MMU-381033|Reactome: R-MMU-442742|Reactome: R-MMU-450341|Reactome: R-MMU-881907|Reactome: R-MMU-8874211|Reactome: R-MMU-8951664|Reactome: R-MMU-9031628|Reactome: R-MMU-9616222|Reactome: R-MMU-9634638|Reactome: R-MMU-9707616|Reactome: R-MMU-9708530|Reactome: R-MMU-9755511|Reactome: R-MMU-9759194|Reactome: R-MMU-9762114|Reactome: R-MMU-983231|Reactome: R-RNO-198693|Reactome: R-RNO-199920|Reactome: R-RNO-2559580|Reactome: R-RNO-2559582|Reactome: R-RNO-2871796|Reactome: R-RNO-3214847|Reactome: R-RNO-375165|Reactome: R-RNO-381033|Reactome: R-RNO-442742|Reactome: R-RNO-450341|Reactome: R-RNO-881907|Reactome: R-RNO-8874211|Reactome: R-RNO-8951664|Reactome: R-RNO-9031628|Reactome: R-RNO-9616222|Reactome: R-RNO-9634638|Reactome: R-RNO-9755511|Reactome: R-RNO-9759194|Reactome: R-RNO-9762114|Reactome: R-RNO-983231|Reactome: R-SCE-3214847|Reactome: R-SCE-450341|Reactome: R-SPO-3214847|Reactome: R-SPO-450341
sta/2H7H	f9b12c48a2c4d86876a53e21ba50132b	100	ProSitePatterns	PS00036	Basic-leucine zipper (bZIP) domain signature.	42	57	-	T	24-01-2023	IPR004827	Basic-leucine zipper domain	GO:0003700|GO:0006355	Reactome: R-BTA-199920|Reactome: R-BTA-2559580|Reactome: R-BTA-2871796|Reactome: R-BTA-450341|Reactome: R-BTA-8874211|Reactome: R-BTA-9018519|Reactome: R-BTA-983231|Reactome: R-CEL-2559580|Reactome: R-CEL-2559582|Reactome: R-CEL-2871796|Reactome: R-CEL-3214847|Reactome: R-CEL-381033|Reactome: R-CEL-450341|Reactome: R-CEL-8874211|Reactome: R-CEL-8951664|Reactome: R-CEL-9616222|Reactome: R-CEL-9755511|Reactome: R-CEL-9759194|Reactome: R-CEL-9762114|Reactome: R-DDI-381033|Reactome: R-DME-198693|Reactome: R-DME-199920|Reactome: R-DME-209394|Reactome: R-DME-209409|Reactome: R-DME-209425|Reactome: R-DME-2559580|Reactome: R-DME-2559582|Reactome: R-DME-2871796|Reactome: R-DME-375165|Reactome: R-DME-390651|Reactome: R-DME-390696|Reactome: R-DME-418555|Reactome: R-DME-442742|Reactome: R-DME-450341|Reactome: R-DME-5689880|Reactome: R-DME-881907|Reactome: R-DME-8856825|Reactome: R-DME-8856828|Reactome: R-DME-8951664|Reactome: R-DME-9616222|Reactome: R-DME-9634638|Reactome: R-DME-9755511|Reactome: R-DME-9759194|Reactome: R-DME-9762114|Reactome: R-DME-983231|Reactome: R-DRE-8874211|Reactome: R-GGA-2559580|Reactome: R-GGA-2559582|Reactome: R-GGA-2871796|Reactome: R-GGA-437986|Reactome: R-GGA-450341|Reactome: R-GGA-9018519|Reactome: R-GGA-9707616|Reactome: R-GGA-9708530|Reactome: R-HSA-111931|Reactome: R-HSA-111932|Reactome: R-HSA-1368108|Reactome: R-HSA-1912408|Reactome: R-HSA-198693|Reactome: R-HSA-199920|Reactome: R-HSA-210745|Reactome: R-HSA-2151201|Reactome: R-HSA-2173796|Reactome: R-HSA-2197563|Reactome: R-HSA-2559580|Reactome: R-HSA-2559582|Reactome: R-HSA-2871796|Reactome: R-HSA-3214847|Reactome: R-HSA-375165|Reactome: R-HSA-380994|Reactome: R-HSA-381033|Reactome: R-HSA-381038|Reactome: R-HSA-381042|Reactome: R-HSA-381070|Reactome: R-HSA-381183|Reactome: R-HSA-381340|Reactome: R-HSA-400253|Reactome: R-HSA-442720|Reactome: R-HSA-442729|Reactome: R-HSA-442742|Reactome: R-HSA-450341|Reactome: R-HSA-5617472|Reactome: R-HSA-5674400|Reactome: R-HSA-5687128|Reactome: R-HSA-6785807|Reactome: R-HSA-6796648|Reactome: R-HSA-881907|Reactome: R-HSA-8853884|Reactome: R-HSA-8862803|Reactome: R-HSA-8874211|Reactome: R-HSA-8936459|Reactome: R-HSA-8940973|Reactome: R-HSA-8943724|Reactome: R-HSA-8951664|Reactome: R-HSA-8963889|Reactome: R-HSA-9018519|Reactome: R-HSA-9022692|Reactome: R-HSA-9022699|Reactome: R-HSA-9022702|Reactome: R-HSA-9022707|Reactome: R-HSA-9031628|Reactome: R-HSA-9609690|Reactome: R-HSA-9610379|Reactome: R-HSA-9614657|Reactome: R-HSA-9616222|Reactome: R-HSA-9633012|Reactome: R-HSA-9634638|Reactome: R-HSA-9648895|Reactome: R-HSA-9660821|Reactome: R-HSA-9664323|Reactome: R-HSA-9673324|Reactome: R-HSA-9679191|Reactome: R-HSA-9707587|Reactome: R-HSA-9707616|Reactome: R-HSA-9708530|Reactome: R-HSA-9725371|Reactome: R-HSA-9755511|Reactome: R-HSA-9759194|Reactome: R-HSA-9762114|Reactome: R-HSA-983231|Reactome: R-MMU-198693|Reactome: R-MMU-199920|Reactome: R-MMU-2559580|Reactome: R-MMU-2559582|Reactome: R-MMU-2871796|Reactome: R-MMU-3214847|Reactome: R-MMU-375165|Reactome: R-MMU-381033|Reactome: R-MMU-442742|Reactome: R-MMU-450341|Reactome: R-MMU-881907|Reactome: R-MMU-8874211|Reactome: R-MMU-8951664|Reactome: R-MMU-9031628|Reactome: R-MMU-9616222|Reactome: R-MMU-9634638|Reactome: R-MMU-9707616|Reactome: R-MMU-9708530|Reactome: R-MMU-9755511|Reactome: R-MMU-9759194|Reactome: R-MMU-9762114|Reactome: R-MMU-983231|Reactome: R-RNO-198693|Reactome: R-RNO-199920|Reactome: R-RNO-2559580|Reactome: R-RNO-2559582|Reactome: R-RNO-2871796|Reactome: R-RNO-3214847|Reactome: R-RNO-375165|Reactome: R-RNO-381033|Reactome: R-RNO-442742|Reactome: R-RNO-450341|Reactome: R-RNO-881907|Reactome: R-RNO-8874211|Reactome: R-RNO-8951664|Reactome: R-RNO-9031628|Reactome: R-RNO-9616222|Reactome: R-RNO-9634638|Reactome: R-RNO-9755511|Reactome: R-RNO-9759194|Reactome: R-RNO-9762114|Reactome: R-RNO-983231|Reactome: R-SCE-3214847|Reactome: R-SCE-450341|Reactome: R-SPO-3214847|Reactome: R-SPO-450341
sta/2H7H	f9b12c48a2c4d86876a53e21ba50132b	100	CDD	cd14696	bZIP_Jun	39	99	5.82739E-17	T	24-01-2023	-	-
sta/2H7H	f9b12c48a2c4d86876a53e21ba50132b	100	PANTHER	PTHR11462	JUN TRANSCRIPTION FACTOR-RELATED	39	100	1.0E-29	T	24-01-2023	-	-
sta/2H7H	f9b12c48a2c4d86876a53e21ba50132b	100	Pfam	PF00170	bZIP transcription factor	39	98	6.7E-18	T	24-01-2023	IPR004827	Basic-leucine zipper domain	GO:0003700|GO:0006355	Reactome: R-BTA-199920|Reactome: R-BTA-2559580|Reactome: R-BTA-2871796|Reactome: R-BTA-450341|Reactome: R-BTA-8874211|Reactome: R-BTA-9018519|Reactome: R-BTA-983231|Reactome: R-CEL-2559580|Reactome: R-CEL-2559582|Reactome: R-CEL-2871796|Reactome: R-CEL-3214847|Reactome: R-CEL-381033|Reactome: R-CEL-450341|Reactome: R-CEL-8874211|Reactome: R-CEL-8951664|Reactome: R-CEL-9616222|Reactome: R-CEL-9755511|Reactome: R-CEL-9759194|Reactome: R-CEL-9762114|Reactome: R-DDI-381033|Reactome: R-DME-198693|Reactome: R-DME-199920|Reactome: R-DME-209394|Reactome: R-DME-209409|Reactome: R-DME-209425|Reactome: R-DME-2559580|Reactome: R-DME-2559582|Reactome: R-DME-2871796|Reactome: R-DME-375165|Reactome: R-DME-390651|Reactome: R-DME-390696|Reactome: R-DME-418555|Reactome: R-DME-442742|Reactome: R-DME-450341|Reactome: R-DME-5689880|Reactome: R-DME-881907|Reactome: R-DME-8856825|Reactome: R-DME-8856828|Reactome: R-DME-8951664|Reactome: R-DME-9616222|Reactome: R-DME-9634638|Reactome: R-DME-9755511|Reactome: R-DME-9759194|Reactome: R-DME-9762114|Reactome: R-DME-983231|Reactome: R-DRE-8874211|Reactome: R-GGA-2559580|Reactome: R-GGA-2559582|Reactome: R-GGA-2871796|Reactome: R-GGA-437986|Reactome: R-GGA-450341|Reactome: R-GGA-9018519|Reactome: R-GGA-9707616|Reactome: R-GGA-9708530|Reactome: R-HSA-111931|Reactome: R-HSA-111932|Reactome: R-HSA-1368108|Reactome: R-HSA-1912408|Reactome: R-HSA-198693|Reactome: R-HSA-199920|Reactome: R-HSA-210745|Reactome: R-HSA-2151201|Reactome: R-HSA-2173796|Reactome: R-HSA-2197563|Reactome: R-HSA-2559580|Reactome: R-HSA-2559582|Reactome: R-HSA-2871796|Reactome: R-HSA-3214847|Reactome: R-HSA-375165|Reactome: R-HSA-380994|Reactome: R-HSA-381033|Reactome: R-HSA-381038|Reactome: R-HSA-381042|Reactome: R-HSA-381070|Reactome: R-HSA-381183|Reactome: R-HSA-381340|Reactome: R-HSA-400253|Reactome: R-HSA-442720|Reactome: R-HSA-442729|Reactome: R-HSA-442742|Reactome: R-HSA-450341|Reactome: R-HSA-5617472|Reactome: R-HSA-5674400|Reactome: R-HSA-5687128|Reactome: R-HSA-6785807|Reactome: R-HSA-6796648|Reactome: R-HSA-881907|Reactome: R-HSA-8853884|Reactome: R-HSA-8862803|Reactome: R-HSA-8874211|Reactome: R-HSA-8936459|Reactome: R-HSA-8940973|Reactome: R-HSA-8943724|Reactome: R-HSA-8951664|Reactome: R-HSA-8963889|Reactome: R-HSA-9018519|Reactome: R-HSA-9022692|Reactome: R-HSA-9022699|Reactome: R-HSA-9022702|Reactome: R-HSA-9022707|Reactome: R-HSA-9031628|Reactome: R-HSA-9609690|Reactome: R-HSA-9610379|Reactome: R-HSA-9614657|Reactome: R-HSA-9616222|Reactome: R-HSA-9633012|Reactome: R-HSA-9634638|Reactome: R-HSA-9648895|Reactome: R-HSA-9660821|Reactome: R-HSA-9664323|Reactome: R-HSA-9673324|Reactome: R-HSA-9679191|Reactome: R-HSA-9707587|Reactome: R-HSA-9707616|Reactome: R-HSA-9708530|Reactome: R-HSA-9725371|Reactome: R-HSA-9755511|Reactome: R-HSA-9759194|Reactome: R-HSA-9762114|Reactome: R-HSA-983231|Reactome: R-MMU-198693|Reactome: R-MMU-199920|Reactome: R-MMU-2559580|Reactome: R-MMU-2559582|Reactome: R-MMU-2871796|Reactome: R-MMU-3214847|Reactome: R-MMU-375165|Reactome: R-MMU-381033|Reactome: R-MMU-442742|Reactome: R-MMU-450341|Reactome: R-MMU-881907|Reactome: R-MMU-8874211|Reactome: R-MMU-8951664|Reactome: R-MMU-9031628|Reactome: R-MMU-9616222|Reactome: R-MMU-9634638|Reactome: R-MMU-9707616|Reactome: R-MMU-9708530|Reactome: R-MMU-9755511|Reactome: R-MMU-9759194|Reactome: R-MMU-9762114|Reactome: R-MMU-983231|Reactome: R-RNO-198693|Reactome: R-RNO-199920|Reactome: R-RNO-2559580|Reactome: R-RNO-2559582|Reactome: R-RNO-2871796|Reactome: R-RNO-3214847|Reactome: R-RNO-375165|Reactome: R-RNO-381033|Reactome: R-RNO-442742|Reactome: R-RNO-450341|Reactome: R-RNO-881907|Reactome: R-RNO-8874211|Reactome: R-RNO-8951664|Reactome: R-RNO-9031628|Reactome: R-RNO-9616222|Reactome: R-RNO-9634638|Reactome: R-RNO-9755511|Reactome: R-RNO-9759194|Reactome: R-RNO-9762114|Reactome: R-RNO-983231|Reactome: R-SCE-3214847|Reactome: R-SCE-450341|Reactome: R-SPO-3214847|Reactome: R-SPO-450341
sta/2H7H	f9b12c48a2c4d86876a53e21ba50132b	100	ProSiteProfiles	PS50217	Basic-leucine zipper (bZIP) domain profile.	39	100	12.08171	T	24-01-2023	IPR004827	Basic-leucine zipper domain	GO:0003700|GO:0006355	Reactome: R-BTA-199920|Reactome: R-BTA-2559580|Reactome: R-BTA-2871796|Reactome: R-BTA-450341|Reactome: R-BTA-8874211|Reactome: R-BTA-9018519|Reactome: R-BTA-983231|Reactome: R-CEL-2559580|Reactome: R-CEL-2559582|Reactome: R-CEL-2871796|Reactome: R-CEL-3214847|Reactome: R-CEL-381033|Reactome: R-CEL-450341|Reactome: R-CEL-8874211|Reactome: R-CEL-8951664|Reactome: R-CEL-9616222|Reactome: R-CEL-9755511|Reactome: R-CEL-9759194|Reactome: R-CEL-9762114|Reactome: R-DDI-381033|Reactome: R-DME-198693|Reactome: R-DME-199920|Reactome: R-DME-209394|Reactome: R-DME-209409|Reactome: R-DME-209425|Reactome: R-DME-2559580|Reactome: R-DME-2559582|Reactome: R-DME-2871796|Reactome: R-DME-375165|Reactome: R-DME-390651|Reactome: R-DME-390696|Reactome: R-DME-418555|Reactome: R-DME-442742|Reactome: R-DME-450341|Reactome: R-DME-5689880|Reactome: R-DME-881907|Reactome: R-DME-8856825|Reactome: R-DME-8856828|Reactome: R-DME-8951664|Reactome: R-DME-9616222|Reactome: R-DME-9634638|Reactome: R-DME-9755511|Reactome: R-DME-9759194|Reactome: R-DME-9762114|Reactome: R-DME-983231|Reactome: R-DRE-8874211|Reactome: R-GGA-2559580|Reactome: R-GGA-2559582|Reactome: R-GGA-2871796|Reactome: R-GGA-437986|Reactome: R-GGA-450341|Reactome: R-GGA-9018519|Reactome: R-GGA-9707616|Reactome: R-GGA-9708530|Reactome: R-HSA-111931|Reactome: R-HSA-111932|Reactome: R-HSA-1368108|Reactome: R-HSA-1912408|Reactome: R-HSA-198693|Reactome: R-HSA-199920|Reactome: R-HSA-210745|Reactome: R-HSA-2151201|Reactome: R-HSA-2173796|Reactome: R-HSA-2197563|Reactome: R-HSA-2559580|Reactome: R-HSA-2559582|Reactome: R-HSA-2871796|Reactome: R-HSA-3214847|Reactome: R-HSA-375165|Reactome: R-HSA-380994|Reactome: R-HSA-381033|Reactome: R-HSA-381038|Reactome: R-HSA-381042|Reactome: R-HSA-381070|Reactome: R-HSA-381183|Reactome: R-HSA-381340|Reactome: R-HSA-400253|Reactome: R-HSA-442720|Reactome: R-HSA-442729|Reactome: R-HSA-442742|Reactome: R-HSA-450341|Reactome: R-HSA-5617472|Reactome: R-HSA-5674400|Reactome: R-HSA-5687128|Reactome: R-HSA-6785807|Reactome: R-HSA-6796648|Reactome: R-HSA-881907|Reactome: R-HSA-8853884|Reactome: R-HSA-8862803|Reactome: R-HSA-8874211|Reactome: R-HSA-8936459|Reactome: R-HSA-8940973|Reactome: R-HSA-8943724|Reactome: R-HSA-8951664|Reactome: R-HSA-8963889|Reactome: R-HSA-9018519|Reactome: R-HSA-9022692|Reactome: R-HSA-9022699|Reactome: R-HSA-9022702|Reactome: R-HSA-9022707|Reactome: R-HSA-9031628|Reactome: R-HSA-9609690|Reactome: R-HSA-9610379|Reactome: R-HSA-9614657|Reactome: R-HSA-9616222|Reactome: R-HSA-9633012|Reactome: R-HSA-9634638|Reactome: R-HSA-9648895|Reactome: R-HSA-9660821|Reactome: R-HSA-9664323|Reactome: R-HSA-9673324|Reactome: R-HSA-9679191|Reactome: R-HSA-9707587|Reactome: R-HSA-9707616|Reactome: R-HSA-9708530|Reactome: R-HSA-9725371|Reactome: R-HSA-9755511|Reactome: R-HSA-9759194|Reactome: R-HSA-9762114|Reactome: R-HSA-983231|Reactome: R-MMU-198693|Reactome: R-MMU-199920|Reactome: R-MMU-2559580|Reactome: R-MMU-2559582|Reactome: R-MMU-2871796|Reactome: R-MMU-3214847|Reactome: R-MMU-375165|Reactome: R-MMU-381033|Reactome: R-MMU-442742|Reactome: R-MMU-450341|Reactome: R-MMU-881907|Reactome: R-MMU-8874211|Reactome: R-MMU-8951664|Reactome: R-MMU-9031628|Reactome: R-MMU-9616222|Reactome: R-MMU-9634638|Reactome: R-MMU-9707616|Reactome: R-MMU-9708530|Reactome: R-MMU-9755511|Reactome: R-MMU-9759194|Reactome: R-MMU-9762114|Reactome: R-MMU-983231|Reactome: R-RNO-198693|Reactome: R-RNO-199920|Reactome: R-RNO-2559580|Reactome: R-RNO-2559582|Reactome: R-RNO-2871796|Reactome: R-RNO-3214847|Reactome: R-RNO-375165|Reactome: R-RNO-381033|Reactome: R-RNO-442742|Reactome: R-RNO-450341|Reactome: R-RNO-881907|Reactome: R-RNO-8874211|Reactome: R-RNO-8951664|Reactome: R-RNO-9031628|Reactome: R-RNO-9616222|Reactome: R-RNO-9634638|Reactome: R-RNO-9755511|Reactome: R-RNO-9759194|Reactome: R-RNO-9762114|Reactome: R-RNO-983231|Reactome: R-SCE-3214847|Reactome: R-SCE-450341|Reactome: R-SPO-3214847|Reactome: R-SPO-450341
sta/2H7H	f9b12c48a2c4d86876a53e21ba50132b	100	SMART	SM00338	brlzneu	33	99	1.8E-13	T	24-01-2023	IPR004827	Basic-leucine zipper domain	GO:0003700|GO:0006355	Reactome: R-BTA-199920|Reactome: R-BTA-2559580|Reactome: R-BTA-2871796|Reactome: R-BTA-450341|Reactome: R-BTA-8874211|Reactome: R-BTA-9018519|Reactome: R-BTA-983231|Reactome: R-CEL-2559580|Reactome: R-CEL-2559582|Reactome: R-CEL-2871796|Reactome: R-CEL-3214847|Reactome: R-CEL-381033|Reactome: R-CEL-450341|Reactome: R-CEL-8874211|Reactome: R-CEL-8951664|Reactome: R-CEL-9616222|Reactome: R-CEL-9755511|Reactome: R-CEL-9759194|Reactome: R-CEL-9762114|Reactome: R-DDI-381033|Reactome: R-DME-198693|Reactome: R-DME-199920|Reactome: R-DME-209394|Reactome: R-DME-209409|Reactome: R-DME-209425|Reactome: R-DME-2559580|Reactome: R-DME-2559582|Reactome: R-DME-2871796|Reactome: R-DME-375165|Reactome: R-DME-390651|Reactome: R-DME-390696|Reactome: R-DME-418555|Reactome: R-DME-442742|Reactome: R-DME-450341|Reactome: R-DME-5689880|Reactome: R-DME-881907|Reactome: R-DME-8856825|Reactome: R-DME-8856828|Reactome: R-DME-8951664|Reactome: R-DME-9616222|Reactome: R-DME-9634638|Reactome: R-DME-9755511|Reactome: R-DME-9759194|Reactome: R-DME-9762114|Reactome: R-DME-983231|Reactome: R-DRE-8874211|Reactome: R-GGA-2559580|Reactome: R-GGA-2559582|Reactome: R-GGA-2871796|Reactome: R-GGA-437986|Reactome: R-GGA-450341|Reactome: R-GGA-9018519|Reactome: R-GGA-9707616|Reactome: R-GGA-9708530|Reactome: R-HSA-111931|Reactome: R-HSA-111932|Reactome: R-HSA-1368108|Reactome: R-HSA-1912408|Reactome: R-HSA-198693|Reactome: R-HSA-199920|Reactome: R-HSA-210745|Reactome: R-HSA-2151201|Reactome: R-HSA-2173796|Reactome: R-HSA-2197563|Reactome: R-HSA-2559580|Reactome: R-HSA-2559582|Reactome: R-HSA-2871796|Reactome: R-HSA-3214847|Reactome: R-HSA-375165|Reactome: R-HSA-380994|Reactome: R-HSA-381033|Reactome: R-HSA-381038|Reactome: R-HSA-381042|Reactome: R-HSA-381070|Reactome: R-HSA-381183|Reactome: R-HSA-381340|Reactome: R-HSA-400253|Reactome: R-HSA-442720|Reactome: R-HSA-442729|Reactome: R-HSA-442742|Reactome: R-HSA-450341|Reactome: R-HSA-5617472|Reactome: R-HSA-5674400|Reactome: R-HSA-5687128|Reactome: R-HSA-6785807|Reactome: R-HSA-6796648|Reactome: R-HSA-881907|Reactome: R-HSA-8853884|Reactome: R-HSA-8862803|Reactome: R-HSA-8874211|Reactome: R-HSA-8936459|Reactome: R-HSA-8940973|Reactome: R-HSA-8943724|Reactome: R-HSA-8951664|Reactome: R-HSA-8963889|Reactome: R-HSA-9018519|Reactome: R-HSA-9022692|Reactome: R-HSA-9022699|Reactome: R-HSA-9022702|Reactome: R-HSA-9022707|Reactome: R-HSA-9031628|Reactome: R-HSA-9609690|Reactome: R-HSA-9610379|Reactome: R-HSA-9614657|Reactome: R-HSA-9616222|Reactome: R-HSA-9633012|Reactome: R-HSA-9634638|Reactome: R-HSA-9648895|Reactome: R-HSA-9660821|Reactome: R-HSA-9664323|Reactome: R-HSA-9673324|Reactome: R-HSA-9679191|Reactome: R-HSA-9707587|Reactome: R-HSA-9707616|Reactome: R-HSA-9708530|Reactome: R-HSA-9725371|Reactome: R-HSA-9755511|Reactome: R-HSA-9759194|Reactome: R-HSA-9762114|Reactome: R-HSA-983231|Reactome: R-MMU-198693|Reactome: R-MMU-199920|Reactome: R-MMU-2559580|Reactome: R-MMU-2559582|Reactome: R-MMU-2871796|Reactome: R-MMU-3214847|Reactome: R-MMU-375165|Reactome: R-MMU-381033|Reactome: R-MMU-442742|Reactome: R-MMU-450341|Reactome: R-MMU-881907|Reactome: R-MMU-8874211|Reactome: R-MMU-8951664|Reactome: R-MMU-9031628|Reactome: R-MMU-9616222|Reactome: R-MMU-9634638|Reactome: R-MMU-9707616|Reactome: R-MMU-9708530|Reactome: R-MMU-9755511|Reactome: R-MMU-9759194|Reactome: R-MMU-9762114|Reactome: R-MMU-983231|Reactome: R-RNO-198693|Reactome: R-RNO-199920|Reactome: R-RNO-2559580|Reactome: R-RNO-2559582|Reactome: R-RNO-2871796|Reactome: R-RNO-3214847|Reactome: R-RNO-375165|Reactome: R-RNO-381033|Reactome: R-RNO-442742|Reactome: R-RNO-450341|Reactome: R-RNO-881907|Reactome: R-RNO-8874211|Reactome: R-RNO-8951664|Reactome: R-RNO-9031628|Reactome: R-RNO-9616222|Reactome: R-RNO-9634638|Reactome: R-RNO-9755511|Reactome: R-RNO-9759194|Reactome: R-RNO-9762114|Reactome: R-RNO-983231|Reactome: R-SCE-3214847|Reactome: R-SCE-450341|Reactome: R-SPO-3214847|Reactome: R-SPO-450341
sta/2H7H	f9b12c48a2c4d86876a53e21ba50132b	100	Coils	Coil	Coil	42	96	-	T	24-01-2023	-	-
sta/2H7H	f9b12c48a2c4d86876a53e21ba50132b	100	Gene3D	G3DSA:1.20.5.170	-	37	100	2.1E-28	T	24-01-2023	-	-
sta/2H7H	f9b12c48a2c4d86876a53e21ba50132b	100	FunFam	G3DSA:1.20.5.170:FF:000012	Putative transcription factor AP-1	37	100	3.4E-34	T	24-01-2023	-	-
sta/2H7H	f9b12c48a2c4d86876a53e21ba50132b	100	PRINTS	PR00043	Jun transcription factor signature	64	76	1.2E-27	T	24-01-2023	IPR002112	Transcription factor Jun	GO:0003677|GO:0003700|GO:0006355	Reactome: R-CEL-2559580|Reactome: R-CEL-2871796|Reactome: R-CEL-450341|Reactome: R-DME-209394|Reactome: R-DME-209409|Reactome: R-DME-209425|Reactome: R-DME-2559580|Reactome: R-DME-2871796|Reactome: R-DME-450341|Reactome: R-GGA-437986|Reactome: R-HSA-1912408|Reactome: R-HSA-2173796|Reactome: R-HSA-2559580|Reactome: R-HSA-2559582|Reactome: R-HSA-2871796|Reactome: R-HSA-450341|Reactome: R-HSA-5617472|Reactome: R-HSA-5687128|Reactome: R-HSA-6785807|Reactome: R-HSA-6796648|Reactome: R-HSA-8862803|Reactome: R-HSA-8943724|Reactome: R-HSA-9018519|Reactome: R-HSA-9031628|Reactome: R-HSA-9673324|Reactome: R-HSA-9725371|Reactome: R-MMU-2559580|Reactome: R-MMU-2871796|Reactome: R-MMU-450341|Reactome: R-RNO-2559580|Reactome: R-RNO-2871796|Reactome: R-RNO-450341|Reactome: R-SPO-3214847|Reactome: R-SPO-450341
sta/2H7H	f9b12c48a2c4d86876a53e21ba50132b	100	PRINTS	PR00043	Jun transcription factor signature	93	100	1.2E-27	T	24-01-2023	IPR002112	Transcription factor Jun	GO:0003677|GO:0003700|GO:0006355	Reactome: R-CEL-2559580|Reactome: R-CEL-2871796|Reactome: R-CEL-450341|Reactome: R-DME-209394|Reactome: R-DME-209409|Reactome: R-DME-209425|Reactome: R-DME-2559580|Reactome: R-DME-2871796|Reactome: R-DME-450341|Reactome: R-GGA-437986|Reactome: R-HSA-1912408|Reactome: R-HSA-2173796|Reactome: R-HSA-2559580|Reactome: R-HSA-2559582|Reactome: R-HSA-2871796|Reactome: R-HSA-450341|Reactome: R-HSA-5617472|Reactome: R-HSA-5687128|Reactome: R-HSA-6785807|Reactome: R-HSA-6796648|Reactome: R-HSA-8862803|Reactome: R-HSA-8943724|Reactome: R-HSA-9018519|Reactome: R-HSA-9031628|Reactome: R-HSA-9673324|Reactome: R-HSA-9725371|Reactome: R-MMU-2559580|Reactome: R-MMU-2871796|Reactome: R-MMU-450341|Reactome: R-RNO-2559580|Reactome: R-RNO-2871796|Reactome: R-RNO-450341|Reactome: R-SPO-3214847|Reactome: R-SPO-450341
sta/2H7H	f9b12c48a2c4d86876a53e21ba50132b	100	PRINTS	PR00043	Jun transcription factor signature	79	93	1.2E-27	T	24-01-2023	IPR002112	Transcription factor Jun	GO:0003677|GO:0003700|GO:0006355	Reactome: R-CEL-2559580|Reactome: R-CEL-2871796|Reactome: R-CEL-450341|Reactome: R-DME-209394|Reactome: R-DME-209409|Reactome: R-DME-209425|Reactome: R-DME-2559580|Reactome: R-DME-2871796|Reactome: R-DME-450341|Reactome: R-GGA-437986|Reactome: R-HSA-1912408|Reactome: R-HSA-2173796|Reactome: R-HSA-2559580|Reactome: R-HSA-2559582|Reactome: R-HSA-2871796|Reactome: R-HSA-450341|Reactome: R-HSA-5617472|Reactome: R-HSA-5687128|Reactome: R-HSA-6785807|Reactome: R-HSA-6796648|Reactome: R-HSA-8862803|Reactome: R-HSA-8943724|Reactome: R-HSA-9018519|Reactome: R-HSA-9031628|Reactome: R-HSA-9673324|Reactome: R-HSA-9725371|Reactome: R-MMU-2559580|Reactome: R-MMU-2871796|Reactome: R-MMU-450341|Reactome: R-RNO-2559580|Reactome: R-RNO-2871796|Reactome: R-RNO-450341|Reactome: R-SPO-3214847|Reactome: R-SPO-450341
sta/2H7H	f9b12c48a2c4d86876a53e21ba50132b	100	PRINTS	PR00043	Jun transcription factor signature	46	62	1.2E-27	T	24-01-2023	IPR002112	Transcription factor Jun	GO:0003677|GO:0003700|GO:0006355	Reactome: R-CEL-2559580|Reactome: R-CEL-2871796|Reactome: R-CEL-450341|Reactome: R-DME-209394|Reactome: R-DME-209409|Reactome: R-DME-209425|Reactome: R-DME-2559580|Reactome: R-DME-2871796|Reactome: R-DME-450341|Reactome: R-GGA-437986|Reactome: R-HSA-1912408|Reactome: R-HSA-2173796|Reactome: R-HSA-2559580|Reactome: R-HSA-2559582|Reactome: R-HSA-2871796|Reactome: R-HSA-450341|Reactome: R-HSA-5617472|Reactome: R-HSA-5687128|Reactome: R-HSA-6785807|Reactome: R-HSA-6796648|Reactome: R-HSA-8862803|Reactome: R-HSA-8943724|Reactome: R-HSA-9018519|Reactome: R-HSA-9031628|Reactome: R-HSA-9673324|Reactome: R-HSA-9725371|Reactome: R-MMU-2559580|Reactome: R-MMU-2871796|Reactome: R-MMU-450341|Reactome: R-RNO-2559580|Reactome: R-RNO-2871796|Reactome: R-RNO-450341|Reactome: R-SPO-3214847|Reactome: R-SPO-450341
